"name","run.no.in.std.order","run.no","run.no.std.rp","forwarders","request","files","spatiality","processes_per_node","Blocks"
"1","142",1,"142.1","2","262144","individual","contiguous","3",".1"
"2","51",2,"51.1","4","32768","shared","strided","1",".1"
"3","208",3,"208.1","8","262144","individual","contiguous","4",".1"
"4","218",4,"218.1","2","131072","shared","contiguous","4",".1"
"5","220",5,"220.1","8","131072","shared","contiguous","4",".1"
"6","152",6,"152.1","8","65536","shared","contiguous","3",".1"
"7","58",7,"58.1","2","131072","shared","strided","1",".1"
"8","93",8,"93.1","1","262144","shared","contiguous","2",".1"
"9","75",9,"75.1","4","131072","individual","contiguous","2",".1"
"10","96",10,"96.1","8","262144","shared","contiguous","2",".1"
"11","216",11,"216.1","8","65536","shared","contiguous","4",".1"
"12","2",12,"2.1","2","32768","individual","contiguous","1",".1"
"13","86",13,"86.1","2","65536","shared","contiguous","2",".1"
"14","248",14,"248.1","8","65536","shared","strided","4",".1"
"15","38",15,"38.1","2","65536","individual","strided","1",".1"
"16","103",16,"103.1","4","65536","individual","strided","2",".1"
"17","94",17,"94.1","2","262144","shared","contiguous","2",".1"
"18","10",18,"10.1","2","131072","individual","contiguous","1",".1"
"19","209",19,"209.1","1","32768","shared","contiguous","4",".1"
"20","160",20,"160.1","8","262144","shared","contiguous","3",".1"
"21","40",21,"40.1","8","65536","individual","strided","1",".1"
"22","167",22,"167.1","4","65536","individual","strided","3",".1"
"23","242",23,"242.1","2","32768","shared","strided","4",".1"
"24","30",24,"30.1","2","262144","shared","contiguous","1",".1"
"25","1",25,"1.1","1","32768","individual","contiguous","1",".1"
"26","204",26,"204.1","8","131072","individual","contiguous","4",".1"
"27","212",27,"212.1","8","32768","shared","contiguous","4",".1"
"28","72",28,"72.1","8","65536","individual","contiguous","2",".1"
"29","12",29,"12.1","8","131072","individual","contiguous","1",".1"
"30","3",30,"3.1","4","32768","individual","contiguous","1",".1"
"31","137",31,"137.1","1","131072","individual","contiguous","3",".1"
"32","14",32,"14.1","2","262144","individual","contiguous","1",".1"
"33","141",33,"141.1","1","262144","individual","contiguous","3",".1"
"34","192",34,"192.1","8","262144","shared","strided","3",".1"
"35","148",35,"148.1","8","32768","shared","contiguous","3",".1"
"36","106",36,"106.1","2","131072","individual","strided","2",".1"
"37","119",37,"119.1","4","65536","shared","strided","2",".1"
"38","16",38,"16.1","8","262144","individual","contiguous","1",".1"
"39","80",39,"80.1","8","262144","individual","contiguous","2",".1"
"40","62",40,"62.1","2","262144","shared","strided","1",".1"
"41","98",41,"98.1","2","32768","individual","strided","2",".1"
"42","123",42,"123.1","4","131072","shared","strided","2",".1"
"43","60",43,"60.1","8","131072","shared","strided","1",".1"
"44","105",44,"105.1","1","131072","individual","strided","2",".1"
"45","32",45,"32.1","8","262144","shared","contiguous","1",".1"
"46","25",46,"25.1","1","131072","shared","contiguous","1",".1"
"47","36",47,"36.1","8","32768","individual","strided","1",".1"
"48","203",48,"203.1","4","131072","individual","contiguous","4",".1"
"49","166",49,"166.1","2","65536","individual","strided","3",".1"
"50","226",50,"226.1","2","32768","individual","strided","4",".1"
"51","133",51,"133.1","1","65536","individual","contiguous","3",".1"
"52","145",52,"145.1","1","32768","shared","contiguous","3",".1"
"53","127",53,"127.1","4","262144","shared","strided","2",".1"
"54","205",54,"205.1","1","262144","individual","contiguous","4",".1"
"55","165",55,"165.1","1","65536","individual","strided","3",".1"
"56","250",56,"250.1","2","131072","shared","strided","4",".1"
"57","221",57,"221.1","1","262144","shared","contiguous","4",".1"
"58","195",58,"195.1","4","32768","individual","contiguous","4",".1"
"59","13",59,"13.1","1","262144","individual","contiguous","1",".1"
"60","67",60,"67.1","4","32768","individual","contiguous","2",".1"
"61","177",61,"177.1","1","32768","shared","strided","3",".1"
"62","74",62,"74.1","2","131072","individual","contiguous","2",".1"
"63","56",63,"56.1","8","65536","shared","strided","1",".1"
"64","107",64,"107.1","4","131072","individual","strided","2",".1"
"65","121",65,"121.1","1","131072","shared","strided","2",".1"
"66","91",66,"91.1","4","131072","shared","contiguous","2",".1"
"67","116",67,"116.1","8","32768","shared","strided","2",".1"
"68","34",68,"34.1","2","32768","individual","strided","1",".1"
"69","172",69,"172.1","8","131072","individual","strided","3",".1"
"70","163",70,"163.1","4","32768","individual","strided","3",".1"
"71","109",71,"109.1","1","262144","individual","strided","2",".1"
"72","179",72,"179.1","4","32768","shared","strided","3",".1"
"73","55",73,"55.1","4","65536","shared","strided","1",".1"
"74","23",74,"23.1","4","65536","shared","contiguous","1",".1"
"75","95",75,"95.1","4","262144","shared","contiguous","2",".1"
"76","154",76,"154.1","2","131072","shared","contiguous","3",".1"
"77","135",77,"135.1","4","65536","individual","contiguous","3",".1"
"78","143",78,"143.1","4","262144","individual","contiguous","3",".1"
"79","46",79,"46.1","2","262144","individual","strided","1",".1"
"80","140",80,"140.1","8","131072","individual","contiguous","3",".1"
"81","90",81,"90.1","2","131072","shared","contiguous","2",".1"
"82","124",82,"124.1","8","131072","shared","strided","2",".1"
"83","99",83,"99.1","4","32768","individual","strided","2",".1"
"84","5",84,"5.1","1","65536","individual","contiguous","1",".1"
"85","193",85,"193.1","1","32768","individual","contiguous","4",".1"
"86","68",86,"68.1","8","32768","individual","contiguous","2",".1"
"87","223",87,"223.1","4","262144","shared","contiguous","4",".1"
"88","11",88,"11.1","4","131072","individual","contiguous","1",".1"
"89","49",89,"49.1","1","32768","shared","strided","1",".1"
"90","197",90,"197.1","1","65536","individual","contiguous","4",".1"
"91","199",91,"199.1","4","65536","individual","contiguous","4",".1"
"92","15",92,"15.1","4","262144","individual","contiguous","1",".1"
"93","7",93,"7.1","4","65536","individual","contiguous","1",".1"
"94","42",94,"42.1","2","131072","individual","strided","1",".1"
"95","176",95,"176.1","8","262144","individual","strided","3",".1"
"96","184",96,"184.1","8","65536","shared","strided","3",".1"
"97","132",97,"132.1","8","32768","individual","contiguous","3",".1"
"98","237",98,"237.1","1","262144","individual","strided","4",".1"
"99","186",99,"186.1","2","131072","shared","strided","3",".1"
"100","230",100,"230.1","2","65536","individual","strided","4",".1"
"101","57",101,"57.1","1","131072","shared","strided","1",".1"
"102","244",102,"244.1","8","32768","shared","strided","4",".1"
"103","161",103,"161.1","1","32768","individual","strided","3",".1"
"104","238",104,"238.1","2","262144","individual","strided","4",".1"
"105","227",105,"227.1","4","32768","individual","strided","4",".1"
"106","18",106,"18.1","2","32768","shared","contiguous","1",".1"
"107","180",107,"180.1","8","32768","shared","strided","3",".1"
"108","182",108,"182.1","2","65536","shared","strided","3",".1"
"109","222",109,"222.1","2","262144","shared","contiguous","4",".1"
"110","196",110,"196.1","8","32768","individual","contiguous","4",".1"
"111","246",111,"246.1","2","65536","shared","strided","4",".1"
"112","171",112,"171.1","4","131072","individual","strided","3",".1"
"113","134",113,"134.1","2","65536","individual","contiguous","3",".1"
"114","120",114,"120.1","8","65536","shared","strided","2",".1"
"115","183",115,"183.1","4","65536","shared","strided","3",".1"
"116","111",116,"111.1","4","262144","individual","strided","2",".1"
"117","153",117,"153.1","1","131072","shared","contiguous","3",".1"
"118","233",118,"233.1","1","131072","individual","strided","4",".1"
"119","31",119,"31.1","4","262144","shared","contiguous","1",".1"
"120","174",120,"174.1","2","262144","individual","strided","3",".1"
"121","211",121,"211.1","4","32768","shared","contiguous","4",".1"
"122","76",122,"76.1","8","131072","individual","contiguous","2",".1"
"123","92",123,"92.1","8","131072","shared","contiguous","2",".1"
"124","100",124,"100.1","8","32768","individual","strided","2",".1"
"125","8",125,"8.1","8","65536","individual","contiguous","1",".1"
"126","78",126,"78.1","2","262144","individual","contiguous","2",".1"
"127","85",127,"85.1","1","65536","shared","contiguous","2",".1"
"128","21",128,"21.1","1","65536","shared","contiguous","1",".1"
"129","47",129,"47.1","4","262144","individual","strided","1",".1"
"130","77",130,"77.1","1","262144","individual","contiguous","2",".1"
"131","185",131,"185.1","1","131072","shared","strided","3",".1"
"132","169",132,"169.1","1","131072","individual","strided","3",".1"
"133","255",133,"255.1","4","262144","shared","strided","4",".1"
"134","71",134,"71.1","4","65536","individual","contiguous","2",".1"
"135","44",135,"44.1","8","131072","individual","strided","1",".1"
"136","24",136,"24.1","8","65536","shared","contiguous","1",".1"
"137","63",137,"63.1","4","262144","shared","strided","1",".1"
"138","101",138,"101.1","1","65536","individual","strided","2",".1"
"139","190",139,"190.1","2","262144","shared","strided","3",".1"
"140","217",140,"217.1","1","131072","shared","contiguous","4",".1"
"141","213",141,"213.1","1","65536","shared","contiguous","4",".1"
"142","110",142,"110.1","2","262144","individual","strided","2",".1"
"143","229",143,"229.1","1","65536","individual","strided","4",".1"
"144","194",144,"194.1","2","32768","individual","contiguous","4",".1"
"145","84",145,"84.1","8","32768","shared","contiguous","2",".1"
"146","37",146,"37.1","1","65536","individual","strided","1",".1"
"147","125",147,"125.1","1","262144","shared","strided","2",".1"
"148","130",148,"130.1","2","32768","individual","contiguous","3",".1"
"149","9",149,"9.1","1","131072","individual","contiguous","1",".1"
"150","210",150,"210.1","2","32768","shared","contiguous","4",".1"
"151","239",151,"239.1","4","262144","individual","strided","4",".1"
"152","215",152,"215.1","4","65536","shared","contiguous","4",".1"
"153","201",153,"201.1","1","131072","individual","contiguous","4",".1"
"154","231",154,"231.1","4","65536","individual","strided","4",".1"
"155","146",155,"146.1","2","32768","shared","contiguous","3",".1"
"156","82",156,"82.1","2","32768","shared","contiguous","2",".1"
"157","178",157,"178.1","2","32768","shared","strided","3",".1"
"158","232",158,"232.1","8","65536","individual","strided","4",".1"
"159","50",159,"50.1","2","32768","shared","strided","1",".1"
"160","181",160,"181.1","1","65536","shared","strided","3",".1"
"161","252",161,"252.1","8","131072","shared","strided","4",".1"
"162","249",162,"249.1","1","131072","shared","strided","4",".1"
"163","61",163,"61.1","1","262144","shared","strided","1",".1"
"164","69",164,"69.1","1","65536","individual","contiguous","2",".1"
"165","198",165,"198.1","2","65536","individual","contiguous","4",".1"
"166","128",166,"128.1","8","262144","shared","strided","2",".1"
"167","79",167,"79.1","4","262144","individual","contiguous","2",".1"
"168","191",168,"191.1","4","262144","shared","strided","3",".1"
"169","162",169,"162.1","2","32768","individual","strided","3",".1"
"170","59",170,"59.1","4","131072","shared","strided","1",".1"
"171","117",171,"117.1","1","65536","shared","strided","2",".1"
"172","33",172,"33.1","1","32768","individual","strided","1",".1"
"173","155",173,"155.1","4","131072","shared","contiguous","3",".1"
"174","149",174,"149.1","1","65536","shared","contiguous","3",".1"
"175","225",175,"225.1","1","32768","individual","strided","4",".1"
"176","243",176,"243.1","4","32768","shared","strided","4",".1"
"177","235",177,"235.1","4","131072","individual","strided","4",".1"
"178","138",178,"138.1","2","131072","individual","contiguous","3",".1"
"179","159",179,"159.1","4","262144","shared","contiguous","3",".1"
"180","206",180,"206.1","2","262144","individual","contiguous","4",".1"
"181","214",181,"214.1","2","65536","shared","contiguous","4",".1"
"182","112",182,"112.1","8","262144","individual","strided","2",".1"
"183","66",183,"66.1","2","32768","individual","contiguous","2",".1"
"184","207",184,"207.1","4","262144","individual","contiguous","4",".1"
"185","234",185,"234.1","2","131072","individual","strided","4",".1"
"186","113",186,"113.1","1","32768","shared","strided","2",".1"
"187","202",187,"202.1","2","131072","individual","contiguous","4",".1"
"188","200",188,"200.1","8","65536","individual","contiguous","4",".1"
"189","4",189,"4.1","8","32768","individual","contiguous","1",".1"
"190","236",190,"236.1","8","131072","individual","strided","4",".1"
"191","189",191,"189.1","1","262144","shared","strided","3",".1"
"192","126",192,"126.1","2","262144","shared","strided","2",".1"
"193","251",193,"251.1","4","131072","shared","strided","4",".1"
"194","87",194,"87.1","4","65536","shared","contiguous","2",".1"
"195","45",195,"45.1","1","262144","individual","strided","1",".1"
"196","240",196,"240.1","8","262144","individual","strided","4",".1"
"197","253",197,"253.1","1","262144","shared","strided","4",".1"
"198","156",198,"156.1","8","131072","shared","contiguous","3",".1"
"199","88",199,"88.1","8","65536","shared","contiguous","2",".1"
"200","89",200,"89.1","1","131072","shared","contiguous","2",".1"
"201","108",201,"108.1","8","131072","individual","strided","2",".1"
"202","228",202,"228.1","8","32768","individual","strided","4",".1"
"203","104",203,"104.1","8","65536","individual","strided","2",".1"
"204","150",204,"150.1","2","65536","shared","contiguous","3",".1"
"205","131",205,"131.1","4","32768","individual","contiguous","3",".1"
"206","170",206,"170.1","2","131072","individual","strided","3",".1"
"207","118",207,"118.1","2","65536","shared","strided","2",".1"
"208","157",208,"157.1","1","262144","shared","contiguous","3",".1"
"209","70",209,"70.1","2","65536","individual","contiguous","2",".1"
"210","53",210,"53.1","1","65536","shared","strided","1",".1"
"211","187",211,"187.1","4","131072","shared","strided","3",".1"
"212","245",212,"245.1","1","65536","shared","strided","4",".1"
"213","20",213,"20.1","8","32768","shared","contiguous","1",".1"
"214","241",214,"241.1","1","32768","shared","strided","4",".1"
"215","54",215,"54.1","2","65536","shared","strided","1",".1"
"216","173",216,"173.1","1","262144","individual","strided","3",".1"
"217","26",217,"26.1","2","131072","shared","contiguous","1",".1"
"218","224",218,"224.1","8","262144","shared","contiguous","4",".1"
"219","256",219,"256.1","8","262144","shared","strided","4",".1"
"220","168",220,"168.1","8","65536","individual","strided","3",".1"
"221","122",221,"122.1","2","131072","shared","strided","2",".1"
"222","28",222,"28.1","8","131072","shared","contiguous","1",".1"
"223","219",223,"219.1","4","131072","shared","contiguous","4",".1"
"224","43",224,"43.1","4","131072","individual","strided","1",".1"
"225","65",225,"65.1","1","32768","individual","contiguous","2",".1"
"226","29",226,"29.1","1","262144","shared","contiguous","1",".1"
"227","81",227,"81.1","1","32768","shared","contiguous","2",".1"
"228","19",228,"19.1","4","32768","shared","contiguous","1",".1"
"229","52",229,"52.1","8","32768","shared","strided","1",".1"
"230","151",230,"151.1","4","65536","shared","contiguous","3",".1"
"231","41",231,"41.1","1","131072","individual","strided","1",".1"
"232","139",232,"139.1","4","131072","individual","contiguous","3",".1"
"233","115",233,"115.1","4","32768","shared","strided","2",".1"
"234","247",234,"247.1","4","65536","shared","strided","4",".1"
"235","129",235,"129.1","1","32768","individual","contiguous","3",".1"
"236","147",236,"147.1","4","32768","shared","contiguous","3",".1"
"237","22",237,"22.1","2","65536","shared","contiguous","1",".1"
"238","35",238,"35.1","4","32768","individual","strided","1",".1"
"239","6",239,"6.1","2","65536","individual","contiguous","1",".1"
"240","83",240,"83.1","4","32768","shared","contiguous","2",".1"
"241","175",241,"175.1","4","262144","individual","strided","3",".1"
"242","136",242,"136.1","8","65536","individual","contiguous","3",".1"
"243","164",243,"164.1","8","32768","individual","strided","3",".1"
"244","254",244,"254.1","2","262144","shared","strided","4",".1"
"245","73",245,"73.1","1","131072","individual","contiguous","2",".1"
"246","114",246,"114.1","2","32768","shared","strided","2",".1"
"247","188",247,"188.1","8","131072","shared","strided","3",".1"
"248","97",248,"97.1","1","32768","individual","strided","2",".1"
"249","102",249,"102.1","2","65536","individual","strided","2",".1"
"250","158",250,"158.1","2","262144","shared","contiguous","3",".1"
"251","27",251,"27.1","4","131072","shared","contiguous","1",".1"
"252","39",252,"39.1","4","65536","individual","strided","1",".1"
"253","64",253,"64.1","8","262144","shared","strided","1",".1"
"254","17",254,"17.1","1","32768","shared","contiguous","1",".1"
"255","48",255,"48.1","8","262144","individual","strided","1",".1"
"256","144",256,"144.1","8","262144","individual","contiguous","3",".1"
"257","206",257,"206.2","2","262144","individual","contiguous","4",".2"
"258","149",258,"149.2","1","65536","shared","contiguous","3",".2"
"259","135",259,"135.2","4","65536","individual","contiguous","3",".2"
"260","73",260,"73.2","1","131072","individual","contiguous","2",".2"
"261","193",261,"193.2","1","32768","individual","contiguous","4",".2"
"262","58",262,"58.2","2","131072","shared","strided","1",".2"
"263","126",263,"126.2","2","262144","shared","strided","2",".2"
"264","175",264,"175.2","4","262144","individual","strided","3",".2"
"265","104",265,"104.2","8","65536","individual","strided","2",".2"
"266","146",266,"146.2","2","32768","shared","contiguous","3",".2"
"267","158",267,"158.2","2","262144","shared","contiguous","3",".2"
"268","89",268,"89.2","1","131072","shared","contiguous","2",".2"
"269","229",269,"229.2","1","65536","individual","strided","4",".2"
"270","75",270,"75.2","4","131072","individual","contiguous","2",".2"
"271","85",271,"85.2","1","65536","shared","contiguous","2",".2"
"272","86",272,"86.2","2","65536","shared","contiguous","2",".2"
"273","187",273,"187.2","4","131072","shared","strided","3",".2"
"274","235",274,"235.2","4","131072","individual","strided","4",".2"
"275","251",275,"251.2","4","131072","shared","strided","4",".2"
"276","207",276,"207.2","4","262144","individual","contiguous","4",".2"
"277","70",277,"70.2","2","65536","individual","contiguous","2",".2"
"278","227",278,"227.2","4","32768","individual","strided","4",".2"
"279","123",279,"123.2","4","131072","shared","strided","2",".2"
"280","83",280,"83.2","4","32768","shared","contiguous","2",".2"
"281","24",281,"24.2","8","65536","shared","contiguous","1",".2"
"282","232",282,"232.2","8","65536","individual","strided","4",".2"
"283","181",283,"181.2","1","65536","shared","strided","3",".2"
"284","162",284,"162.2","2","32768","individual","strided","3",".2"
"285","7",285,"7.2","4","65536","individual","contiguous","1",".2"
"286","77",286,"77.2","1","262144","individual","contiguous","2",".2"
"287","204",287,"204.2","8","131072","individual","contiguous","4",".2"
"288","217",288,"217.2","1","131072","shared","contiguous","4",".2"
"289","80",289,"80.2","8","262144","individual","contiguous","2",".2"
"290","39",290,"39.2","4","65536","individual","strided","1",".2"
"291","241",291,"241.2","1","32768","shared","strided","4",".2"
"292","53",292,"53.2","1","65536","shared","strided","1",".2"
"293","244",293,"244.2","8","32768","shared","strided","4",".2"
"294","161",294,"161.2","1","32768","individual","strided","3",".2"
"295","202",295,"202.2","2","131072","individual","contiguous","4",".2"
"296","9",296,"9.2","1","131072","individual","contiguous","1",".2"
"297","160",297,"160.2","8","262144","shared","contiguous","3",".2"
"298","133",298,"133.2","1","65536","individual","contiguous","3",".2"
"299","150",299,"150.2","2","65536","shared","contiguous","3",".2"
"300","200",300,"200.2","8","65536","individual","contiguous","4",".2"
"301","52",301,"52.2","8","32768","shared","strided","1",".2"
"302","72",302,"72.2","8","65536","individual","contiguous","2",".2"
"303","68",303,"68.2","8","32768","individual","contiguous","2",".2"
"304","171",304,"171.2","4","131072","individual","strided","3",".2"
"305","56",305,"56.2","8","65536","shared","strided","1",".2"
"306","167",306,"167.2","4","65536","individual","strided","3",".2"
"307","186",307,"186.2","2","131072","shared","strided","3",".2"
"308","118",308,"118.2","2","65536","shared","strided","2",".2"
"309","2",309,"2.2","2","32768","individual","contiguous","1",".2"
"310","37",310,"37.2","1","65536","individual","strided","1",".2"
"311","10",311,"10.2","2","131072","individual","contiguous","1",".2"
"312","112",312,"112.2","8","262144","individual","strided","2",".2"
"313","92",313,"92.2","8","131072","shared","contiguous","2",".2"
"314","66",314,"66.2","2","32768","individual","contiguous","2",".2"
"315","233",315,"233.2","1","131072","individual","strided","4",".2"
"316","114",316,"114.2","2","32768","shared","strided","2",".2"
"317","189",317,"189.2","1","262144","shared","strided","3",".2"
"318","19",318,"19.2","4","32768","shared","contiguous","1",".2"
"319","219",319,"219.2","4","131072","shared","contiguous","4",".2"
"320","176",320,"176.2","8","262144","individual","strided","3",".2"
"321","16",321,"16.2","8","262144","individual","contiguous","1",".2"
"322","231",322,"231.2","4","65536","individual","strided","4",".2"
"323","256",323,"256.2","8","262144","shared","strided","4",".2"
"324","138",324,"138.2","2","131072","individual","contiguous","3",".2"
"325","113",325,"113.2","1","32768","shared","strided","2",".2"
"326","142",326,"142.2","2","262144","individual","contiguous","3",".2"
"327","154",327,"154.2","2","131072","shared","contiguous","3",".2"
"328","41",328,"41.2","1","131072","individual","strided","1",".2"
"329","93",329,"93.2","1","262144","shared","contiguous","2",".2"
"330","44",330,"44.2","8","131072","individual","strided","1",".2"
"331","213",331,"213.2","1","65536","shared","contiguous","4",".2"
"332","115",332,"115.2","4","32768","shared","strided","2",".2"
"333","222",333,"222.2","2","262144","shared","contiguous","4",".2"
"334","159",334,"159.2","4","262144","shared","contiguous","3",".2"
"335","225",335,"225.2","1","32768","individual","strided","4",".2"
"336","107",336,"107.2","4","131072","individual","strided","2",".2"
"337","59",337,"59.2","4","131072","shared","strided","1",".2"
"338","121",338,"121.2","1","131072","shared","strided","2",".2"
"339","253",339,"253.2","1","262144","shared","strided","4",".2"
"340","148",340,"148.2","8","32768","shared","contiguous","3",".2"
"341","252",341,"252.2","8","131072","shared","strided","4",".2"
"342","51",342,"51.2","4","32768","shared","strided","1",".2"
"343","57",343,"57.2","1","131072","shared","strided","1",".2"
"344","218",344,"218.2","2","131072","shared","contiguous","4",".2"
"345","6",345,"6.2","2","65536","individual","contiguous","1",".2"
"346","32",346,"32.2","8","262144","shared","contiguous","1",".2"
"347","49",347,"49.2","1","32768","shared","strided","1",".2"
"348","23",348,"23.2","4","65536","shared","contiguous","1",".2"
"349","194",349,"194.2","2","32768","individual","contiguous","4",".2"
"350","196",350,"196.2","8","32768","individual","contiguous","4",".2"
"351","106",351,"106.2","2","131072","individual","strided","2",".2"
"352","151",352,"151.2","4","65536","shared","contiguous","3",".2"
"353","63",353,"63.2","4","262144","shared","strided","1",".2"
"354","62",354,"62.2","2","262144","shared","strided","1",".2"
"355","136",355,"136.2","8","65536","individual","contiguous","3",".2"
"356","254",356,"254.2","2","262144","shared","strided","4",".2"
"357","1",357,"1.2","1","32768","individual","contiguous","1",".2"
"358","188",358,"188.2","8","131072","shared","strided","3",".2"
"359","91",359,"91.2","4","131072","shared","contiguous","2",".2"
"360","65",360,"65.2","1","32768","individual","contiguous","2",".2"
"361","12",361,"12.2","8","131072","individual","contiguous","1",".2"
"362","34",362,"34.2","2","32768","individual","strided","1",".2"
"363","247",363,"247.2","4","65536","shared","strided","4",".2"
"364","27",364,"27.2","4","131072","shared","contiguous","1",".2"
"365","5",365,"5.2","1","65536","individual","contiguous","1",".2"
"366","185",366,"185.2","1","131072","shared","strided","3",".2"
"367","211",367,"211.2","4","32768","shared","contiguous","4",".2"
"368","60",368,"60.2","8","131072","shared","strided","1",".2"
"369","155",369,"155.2","4","131072","shared","contiguous","3",".2"
"370","221",370,"221.2","1","262144","shared","contiguous","4",".2"
"371","152",371,"152.2","8","65536","shared","contiguous","3",".2"
"372","147",372,"147.2","4","32768","shared","contiguous","3",".2"
"373","117",373,"117.2","1","65536","shared","strided","2",".2"
"374","35",374,"35.2","4","32768","individual","strided","1",".2"
"375","3",375,"3.2","4","32768","individual","contiguous","1",".2"
"376","101",376,"101.2","1","65536","individual","strided","2",".2"
"377","170",377,"170.2","2","131072","individual","strided","3",".2"
"378","108",378,"108.2","8","131072","individual","strided","2",".2"
"379","224",379,"224.2","8","262144","shared","contiguous","4",".2"
"380","141",380,"141.2","1","262144","individual","contiguous","3",".2"
"381","61",381,"61.2","1","262144","shared","strided","1",".2"
"382","164",382,"164.2","8","32768","individual","strided","3",".2"
"383","25",383,"25.2","1","131072","shared","contiguous","1",".2"
"384","192",384,"192.2","8","262144","shared","strided","3",".2"
"385","109",385,"109.2","1","262144","individual","strided","2",".2"
"386","172",386,"172.2","8","131072","individual","strided","3",".2"
"387","69",387,"69.2","1","65536","individual","contiguous","2",".2"
"388","128",388,"128.2","8","262144","shared","strided","2",".2"
"389","111",389,"111.2","4","262144","individual","strided","2",".2"
"390","228",390,"228.2","8","32768","individual","strided","4",".2"
"391","139",391,"139.2","4","131072","individual","contiguous","3",".2"
"392","96",392,"96.2","8","262144","shared","contiguous","2",".2"
"393","198",393,"198.2","2","65536","individual","contiguous","4",".2"
"394","216",394,"216.2","8","65536","shared","contiguous","4",".2"
"395","203",395,"203.2","4","131072","individual","contiguous","4",".2"
"396","67",396,"67.2","4","32768","individual","contiguous","2",".2"
"397","132",397,"132.2","8","32768","individual","contiguous","3",".2"
"398","242",398,"242.2","2","32768","shared","strided","4",".2"
"399","137",399,"137.2","1","131072","individual","contiguous","3",".2"
"400","174",400,"174.2","2","262144","individual","strided","3",".2"
"401","125",401,"125.2","1","262144","shared","strided","2",".2"
"402","74",402,"74.2","2","131072","individual","contiguous","2",".2"
"403","165",403,"165.2","1","65536","individual","strided","3",".2"
"404","78",404,"78.2","2","262144","individual","contiguous","2",".2"
"405","212",405,"212.2","8","32768","shared","contiguous","4",".2"
"406","245",406,"245.2","1","65536","shared","strided","4",".2"
"407","205",407,"205.2","1","262144","individual","contiguous","4",".2"
"408","230",408,"230.2","2","65536","individual","strided","4",".2"
"409","234",409,"234.2","2","131072","individual","strided","4",".2"
"410","163",410,"163.2","4","32768","individual","strided","3",".2"
"411","15",411,"15.2","4","262144","individual","contiguous","1",".2"
"412","183",412,"183.2","4","65536","shared","strided","3",".2"
"413","100",413,"100.2","8","32768","individual","strided","2",".2"
"414","237",414,"237.2","1","262144","individual","strided","4",".2"
"415","255",415,"255.2","4","262144","shared","strided","4",".2"
"416","84",416,"84.2","8","32768","shared","contiguous","2",".2"
"417","38",417,"38.2","2","65536","individual","strided","1",".2"
"418","157",418,"157.2","1","262144","shared","contiguous","3",".2"
"419","29",419,"29.2","1","262144","shared","contiguous","1",".2"
"420","131",420,"131.2","4","32768","individual","contiguous","3",".2"
"421","156",421,"156.2","8","131072","shared","contiguous","3",".2"
"422","214",422,"214.2","2","65536","shared","contiguous","4",".2"
"423","248",423,"248.2","8","65536","shared","strided","4",".2"
"424","54",424,"54.2","2","65536","shared","strided","1",".2"
"425","208",425,"208.2","8","262144","individual","contiguous","4",".2"
"426","116",426,"116.2","8","32768","shared","strided","2",".2"
"427","180",427,"180.2","8","32768","shared","strided","3",".2"
"428","197",428,"197.2","1","65536","individual","contiguous","4",".2"
"429","119",429,"119.2","4","65536","shared","strided","2",".2"
"430","184",430,"184.2","8","65536","shared","strided","3",".2"
"431","178",431,"178.2","2","32768","shared","strided","3",".2"
"432","129",432,"129.2","1","32768","individual","contiguous","3",".2"
"433","124",433,"124.2","8","131072","shared","strided","2",".2"
"434","95",434,"95.2","4","262144","shared","contiguous","2",".2"
"435","45",435,"45.2","1","262144","individual","strided","1",".2"
"436","88",436,"88.2","8","65536","shared","contiguous","2",".2"
"437","71",437,"71.2","4","65536","individual","contiguous","2",".2"
"438","182",438,"182.2","2","65536","shared","strided","3",".2"
"439","215",439,"215.2","4","65536","shared","contiguous","4",".2"
"440","238",440,"238.2","2","262144","individual","strided","4",".2"
"441","169",441,"169.2","1","131072","individual","strided","3",".2"
"442","210",442,"210.2","2","32768","shared","contiguous","4",".2"
"443","122",443,"122.2","2","131072","shared","strided","2",".2"
"444","250",444,"250.2","2","131072","shared","strided","4",".2"
"445","130",445,"130.2","2","32768","individual","contiguous","3",".2"
"446","103",446,"103.2","4","65536","individual","strided","2",".2"
"447","43",447,"43.2","4","131072","individual","strided","1",".2"
"448","243",448,"243.2","4","32768","shared","strided","4",".2"
"449","223",449,"223.2","4","262144","shared","contiguous","4",".2"
"450","201",450,"201.2","1","131072","individual","contiguous","4",".2"
"451","13",451,"13.2","1","262144","individual","contiguous","1",".2"
"452","173",452,"173.2","1","262144","individual","strided","3",".2"
"453","33",453,"33.2","1","32768","individual","strided","1",".2"
"454","8",454,"8.2","8","65536","individual","contiguous","1",".2"
"455","199",455,"199.2","4","65536","individual","contiguous","4",".2"
"456","64",456,"64.2","8","262144","shared","strided","1",".2"
"457","50",457,"50.2","2","32768","shared","strided","1",".2"
"458","82",458,"82.2","2","32768","shared","contiguous","2",".2"
"459","30",459,"30.2","2","262144","shared","contiguous","1",".2"
"460","209",460,"209.2","1","32768","shared","contiguous","4",".2"
"461","20",461,"20.2","8","32768","shared","contiguous","1",".2"
"462","21",462,"21.2","1","65536","shared","contiguous","1",".2"
"463","99",463,"99.2","4","32768","individual","strided","2",".2"
"464","153",464,"153.2","1","131072","shared","contiguous","3",".2"
"465","246",465,"246.2","2","65536","shared","strided","4",".2"
"466","240",466,"240.2","8","262144","individual","strided","4",".2"
"467","26",467,"26.2","2","131072","shared","contiguous","1",".2"
"468","46",468,"46.2","2","262144","individual","strided","1",".2"
"469","28",469,"28.2","8","131072","shared","contiguous","1",".2"
"470","17",470,"17.2","1","32768","shared","contiguous","1",".2"
"471","110",471,"110.2","2","262144","individual","strided","2",".2"
"472","55",472,"55.2","4","65536","shared","strided","1",".2"
"473","76",473,"76.2","8","131072","individual","contiguous","2",".2"
"474","97",474,"97.2","1","32768","individual","strided","2",".2"
"475","127",475,"127.2","4","262144","shared","strided","2",".2"
"476","47",476,"47.2","4","262144","individual","strided","1",".2"
"477","4",477,"4.2","8","32768","individual","contiguous","1",".2"
"478","145",478,"145.2","1","32768","shared","contiguous","3",".2"
"479","120",479,"120.2","8","65536","shared","strided","2",".2"
"480","191",480,"191.2","4","262144","shared","strided","3",".2"
"481","79",481,"79.2","4","262144","individual","contiguous","2",".2"
"482","177",482,"177.2","1","32768","shared","strided","3",".2"
"483","168",483,"168.2","8","65536","individual","strided","3",".2"
"484","144",484,"144.2","8","262144","individual","contiguous","3",".2"
"485","31",485,"31.2","4","262144","shared","contiguous","1",".2"
"486","190",486,"190.2","2","262144","shared","strided","3",".2"
"487","87",487,"87.2","4","65536","shared","contiguous","2",".2"
"488","220",488,"220.2","8","131072","shared","contiguous","4",".2"
"489","249",489,"249.2","1","131072","shared","strided","4",".2"
"490","90",490,"90.2","2","131072","shared","contiguous","2",".2"
"491","40",491,"40.2","8","65536","individual","strided","1",".2"
"492","166",492,"166.2","2","65536","individual","strided","3",".2"
"493","140",493,"140.2","8","131072","individual","contiguous","3",".2"
"494","42",494,"42.2","2","131072","individual","strided","1",".2"
"495","134",495,"134.2","2","65536","individual","contiguous","3",".2"
"496","226",496,"226.2","2","32768","individual","strided","4",".2"
"497","98",497,"98.2","2","32768","individual","strided","2",".2"
"498","48",498,"48.2","8","262144","individual","strided","1",".2"
"499","81",499,"81.2","1","32768","shared","contiguous","2",".2"
"500","18",500,"18.2","2","32768","shared","contiguous","1",".2"
"501","102",501,"102.2","2","65536","individual","strided","2",".2"
"502","143",502,"143.2","4","262144","individual","contiguous","3",".2"
"503","22",503,"22.2","2","65536","shared","contiguous","1",".2"
"504","179",504,"179.2","4","32768","shared","strided","3",".2"
"505","105",505,"105.2","1","131072","individual","strided","2",".2"
"506","94",506,"94.2","2","262144","shared","contiguous","2",".2"
"507","195",507,"195.2","4","32768","individual","contiguous","4",".2"
"508","236",508,"236.2","8","131072","individual","strided","4",".2"
"509","36",509,"36.2","8","32768","individual","strided","1",".2"
"510","14",510,"14.2","2","262144","individual","contiguous","1",".2"
"511","11",511,"11.2","4","131072","individual","contiguous","1",".2"
"512","239",512,"239.2","4","262144","individual","strided","4",".2"
"513","255",513,"255.3","4","262144","shared","strided","4",".3"
"514","80",514,"80.3","8","262144","individual","contiguous","2",".3"
"515","72",515,"72.3","8","65536","individual","contiguous","2",".3"
"516","14",516,"14.3","2","262144","individual","contiguous","1",".3"
"517","86",517,"86.3","2","65536","shared","contiguous","2",".3"
"518","67",518,"67.3","4","32768","individual","contiguous","2",".3"
"519","27",519,"27.3","4","131072","shared","contiguous","1",".3"
"520","48",520,"48.3","8","262144","individual","strided","1",".3"
"521","104",521,"104.3","8","65536","individual","strided","2",".3"
"522","127",522,"127.3","4","262144","shared","strided","2",".3"
"523","40",523,"40.3","8","65536","individual","strided","1",".3"
"524","246",524,"246.3","2","65536","shared","strided","4",".3"
"525","136",525,"136.3","8","65536","individual","contiguous","3",".3"
"526","64",526,"64.3","8","262144","shared","strided","1",".3"
"527","174",527,"174.3","2","262144","individual","strided","3",".3"
"528","163",528,"163.3","4","32768","individual","strided","3",".3"
"529","220",529,"220.3","8","131072","shared","contiguous","4",".3"
"530","46",530,"46.3","2","262144","individual","strided","1",".3"
"531","69",531,"69.3","1","65536","individual","contiguous","2",".3"
"532","22",532,"22.3","2","65536","shared","contiguous","1",".3"
"533","242",533,"242.3","2","32768","shared","strided","4",".3"
"534","227",534,"227.3","4","32768","individual","strided","4",".3"
"535","146",535,"146.3","2","32768","shared","contiguous","3",".3"
"536","119",536,"119.3","4","65536","shared","strided","2",".3"
"537","212",537,"212.3","8","32768","shared","contiguous","4",".3"
"538","173",538,"173.3","1","262144","individual","strided","3",".3"
"539","129",539,"129.3","1","32768","individual","contiguous","3",".3"
"540","197",540,"197.3","1","65536","individual","contiguous","4",".3"
"541","79",541,"79.3","4","262144","individual","contiguous","2",".3"
"542","19",542,"19.3","4","32768","shared","contiguous","1",".3"
"543","12",543,"12.3","8","131072","individual","contiguous","1",".3"
"544","192",544,"192.3","8","262144","shared","strided","3",".3"
"545","139",545,"139.3","4","131072","individual","contiguous","3",".3"
"546","211",546,"211.3","4","32768","shared","contiguous","4",".3"
"547","7",547,"7.3","4","65536","individual","contiguous","1",".3"
"548","193",548,"193.3","1","32768","individual","contiguous","4",".3"
"549","249",549,"249.3","1","131072","shared","strided","4",".3"
"550","214",550,"214.3","2","65536","shared","contiguous","4",".3"
"551","208",551,"208.3","8","262144","individual","contiguous","4",".3"
"552","84",552,"84.3","8","32768","shared","contiguous","2",".3"
"553","102",553,"102.3","2","65536","individual","strided","2",".3"
"554","5",554,"5.3","1","65536","individual","contiguous","1",".3"
"555","36",555,"36.3","8","32768","individual","strided","1",".3"
"556","161",556,"161.3","1","32768","individual","strided","3",".3"
"557","143",557,"143.3","4","262144","individual","contiguous","3",".3"
"558","107",558,"107.3","4","131072","individual","strided","2",".3"
"559","23",559,"23.3","4","65536","shared","contiguous","1",".3"
"560","57",560,"57.3","1","131072","shared","strided","1",".3"
"561","256",561,"256.3","8","262144","shared","strided","4",".3"
"562","215",562,"215.3","4","65536","shared","contiguous","4",".3"
"563","236",563,"236.3","8","131072","individual","strided","4",".3"
"564","144",564,"144.3","8","262144","individual","contiguous","3",".3"
"565","85",565,"85.3","1","65536","shared","contiguous","2",".3"
"566","116",566,"116.3","8","32768","shared","strided","2",".3"
"567","177",567,"177.3","1","32768","shared","strided","3",".3"
"568","92",568,"92.3","8","131072","shared","contiguous","2",".3"
"569","226",569,"226.3","2","32768","individual","strided","4",".3"
"570","13",570,"13.3","1","262144","individual","contiguous","1",".3"
"571","224",571,"224.3","8","262144","shared","contiguous","4",".3"
"572","165",572,"165.3","1","65536","individual","strided","3",".3"
"573","240",573,"240.3","8","262144","individual","strided","4",".3"
"574","156",574,"156.3","8","131072","shared","contiguous","3",".3"
"575","175",575,"175.3","4","262144","individual","strided","3",".3"
"576","28",576,"28.3","8","131072","shared","contiguous","1",".3"
"577","44",577,"44.3","8","131072","individual","strided","1",".3"
"578","4",578,"4.3","8","32768","individual","contiguous","1",".3"
"579","204",579,"204.3","8","131072","individual","contiguous","4",".3"
"580","180",580,"180.3","8","32768","shared","strided","3",".3"
"581","131",581,"131.3","4","32768","individual","contiguous","3",".3"
"582","121",582,"121.3","1","131072","shared","strided","2",".3"
"583","82",583,"82.3","2","32768","shared","contiguous","2",".3"
"584","241",584,"241.3","1","32768","shared","strided","4",".3"
"585","42",585,"42.3","2","131072","individual","strided","1",".3"
"586","157",586,"157.3","1","262144","shared","contiguous","3",".3"
"587","47",587,"47.3","4","262144","individual","strided","1",".3"
"588","213",588,"213.3","1","65536","shared","contiguous","4",".3"
"589","83",589,"83.3","4","32768","shared","contiguous","2",".3"
"590","51",590,"51.3","4","32768","shared","strided","1",".3"
"591","125",591,"125.3","1","262144","shared","strided","2",".3"
"592","154",592,"154.3","2","131072","shared","contiguous","3",".3"
"593","135",593,"135.3","4","65536","individual","contiguous","3",".3"
"594","206",594,"206.3","2","262144","individual","contiguous","4",".3"
"595","58",595,"58.3","2","131072","shared","strided","1",".3"
"596","158",596,"158.3","2","262144","shared","contiguous","3",".3"
"597","169",597,"169.3","1","131072","individual","strided","3",".3"
"598","253",598,"253.3","1","262144","shared","strided","4",".3"
"599","41",599,"41.3","1","131072","individual","strided","1",".3"
"600","244",600,"244.3","8","32768","shared","strided","4",".3"
"601","209",601,"209.3","1","32768","shared","contiguous","4",".3"
"602","182",602,"182.3","2","65536","shared","strided","3",".3"
"603","252",603,"252.3","8","131072","shared","strided","4",".3"
"604","130",604,"130.3","2","32768","individual","contiguous","3",".3"
"605","53",605,"53.3","1","65536","shared","strided","1",".3"
"606","59",606,"59.3","4","131072","shared","strided","1",".3"
"607","90",607,"90.3","2","131072","shared","contiguous","2",".3"
"608","230",608,"230.3","2","65536","individual","strided","4",".3"
"609","56",609,"56.3","8","65536","shared","strided","1",".3"
"610","89",610,"89.3","1","131072","shared","contiguous","2",".3"
"611","109",611,"109.3","1","262144","individual","strided","2",".3"
"612","159",612,"159.3","4","262144","shared","contiguous","3",".3"
"613","112",613,"112.3","8","262144","individual","strided","2",".3"
"614","93",614,"93.3","1","262144","shared","contiguous","2",".3"
"615","231",615,"231.3","4","65536","individual","strided","4",".3"
"616","189",616,"189.3","1","262144","shared","strided","3",".3"
"617","126",617,"126.3","2","262144","shared","strided","2",".3"
"618","120",618,"120.3","8","65536","shared","strided","2",".3"
"619","16",619,"16.3","8","262144","individual","contiguous","1",".3"
"620","219",620,"219.3","4","131072","shared","contiguous","4",".3"
"621","3",621,"3.3","4","32768","individual","contiguous","1",".3"
"622","203",622,"203.3","4","131072","individual","contiguous","4",".3"
"623","247",623,"247.3","4","65536","shared","strided","4",".3"
"624","76",624,"76.3","8","131072","individual","contiguous","2",".3"
"625","185",625,"185.3","1","131072","shared","strided","3",".3"
"626","133",626,"133.3","1","65536","individual","contiguous","3",".3"
"627","111",627,"111.3","4","262144","individual","strided","2",".3"
"628","35",628,"35.3","4","32768","individual","strided","1",".3"
"629","2",629,"2.3","2","32768","individual","contiguous","1",".3"
"630","145",630,"145.3","1","32768","shared","contiguous","3",".3"
"631","103",631,"103.3","4","65536","individual","strided","2",".3"
"632","186",632,"186.3","2","131072","shared","strided","3",".3"
"633","238",633,"238.3","2","262144","individual","strided","4",".3"
"634","31",634,"31.3","4","262144","shared","contiguous","1",".3"
"635","49",635,"49.3","1","32768","shared","strided","1",".3"
"636","15",636,"15.3","4","262144","individual","contiguous","1",".3"
"637","141",637,"141.3","1","262144","individual","contiguous","3",".3"
"638","250",638,"250.3","2","131072","shared","strided","4",".3"
"639","183",639,"183.3","4","65536","shared","strided","3",".3"
"640","190",640,"190.3","2","262144","shared","strided","3",".3"
"641","205",641,"205.3","1","262144","individual","contiguous","4",".3"
"642","243",642,"243.3","4","32768","shared","strided","4",".3"
"643","24",643,"24.3","8","65536","shared","contiguous","1",".3"
"644","77",644,"77.3","1","262144","individual","contiguous","2",".3"
"645","225",645,"225.3","1","32768","individual","strided","4",".3"
"646","218",646,"218.3","2","131072","shared","contiguous","4",".3"
"647","254",647,"254.3","2","262144","shared","strided","4",".3"
"648","222",648,"222.3","2","262144","shared","contiguous","4",".3"
"649","162",649,"162.3","2","32768","individual","strided","3",".3"
"650","94",650,"94.3","2","262144","shared","contiguous","2",".3"
"651","196",651,"196.3","8","32768","individual","contiguous","4",".3"
"652","33",652,"33.3","1","32768","individual","strided","1",".3"
"653","194",653,"194.3","2","32768","individual","contiguous","4",".3"
"654","43",654,"43.3","4","131072","individual","strided","1",".3"
"655","63",655,"63.3","4","262144","shared","strided","1",".3"
"656","10",656,"10.3","2","131072","individual","contiguous","1",".3"
"657","152",657,"152.3","8","65536","shared","contiguous","3",".3"
"658","62",658,"62.3","2","262144","shared","strided","1",".3"
"659","191",659,"191.3","4","262144","shared","strided","3",".3"
"660","68",660,"68.3","8","32768","individual","contiguous","2",".3"
"661","170",661,"170.3","2","131072","individual","strided","3",".3"
"662","195",662,"195.3","4","32768","individual","contiguous","4",".3"
"663","60",663,"60.3","8","131072","shared","strided","1",".3"
"664","217",664,"217.3","1","131072","shared","contiguous","4",".3"
"665","237",665,"237.3","1","262144","individual","strided","4",".3"
"666","153",666,"153.3","1","131072","shared","contiguous","3",".3"
"667","101",667,"101.3","1","65536","individual","strided","2",".3"
"668","251",668,"251.3","4","131072","shared","strided","4",".3"
"669","138",669,"138.3","2","131072","individual","contiguous","3",".3"
"670","70",670,"70.3","2","65536","individual","contiguous","2",".3"
"671","26",671,"26.3","2","131072","shared","contiguous","1",".3"
"672","149",672,"149.3","1","65536","shared","contiguous","3",".3"
"673","29",673,"29.3","1","262144","shared","contiguous","1",".3"
"674","50",674,"50.3","2","32768","shared","strided","1",".3"
"675","61",675,"61.3","1","262144","shared","strided","1",".3"
"676","8",676,"8.3","8","65536","individual","contiguous","1",".3"
"677","55",677,"55.3","4","65536","shared","strided","1",".3"
"678","160",678,"160.3","8","262144","shared","contiguous","3",".3"
"679","91",679,"91.3","4","131072","shared","contiguous","2",".3"
"680","99",680,"99.3","4","32768","individual","strided","2",".3"
"681","198",681,"198.3","2","65536","individual","contiguous","4",".3"
"682","235",682,"235.3","4","131072","individual","strided","4",".3"
"683","38",683,"38.3","2","65536","individual","strided","1",".3"
"684","164",684,"164.3","8","32768","individual","strided","3",".3"
"685","115",685,"115.3","4","32768","shared","strided","2",".3"
"686","229",686,"229.3","1","65536","individual","strided","4",".3"
"687","172",687,"172.3","8","131072","individual","strided","3",".3"
"688","148",688,"148.3","8","32768","shared","contiguous","3",".3"
"689","202",689,"202.3","2","131072","individual","contiguous","4",".3"
"690","21",690,"21.3","1","65536","shared","contiguous","1",".3"
"691","128",691,"128.3","8","262144","shared","strided","2",".3"
"692","71",692,"71.3","4","65536","individual","contiguous","2",".3"
"693","123",693,"123.3","4","131072","shared","strided","2",".3"
"694","122",694,"122.3","2","131072","shared","strided","2",".3"
"695","45",695,"45.3","1","262144","individual","strided","1",".3"
"696","233",696,"233.3","1","131072","individual","strided","4",".3"
"697","167",697,"167.3","4","65536","individual","strided","3",".3"
"698","110",698,"110.3","2","262144","individual","strided","2",".3"
"699","181",699,"181.3","1","65536","shared","strided","3",".3"
"700","140",700,"140.3","8","131072","individual","contiguous","3",".3"
"701","1",701,"1.3","1","32768","individual","contiguous","1",".3"
"702","142",702,"142.3","2","262144","individual","contiguous","3",".3"
"703","187",703,"187.3","4","131072","shared","strided","3",".3"
"704","66",704,"66.3","2","32768","individual","contiguous","2",".3"
"705","184",705,"184.3","8","65536","shared","strided","3",".3"
"706","65",706,"65.3","1","32768","individual","contiguous","2",".3"
"707","176",707,"176.3","8","262144","individual","strided","3",".3"
"708","100",708,"100.3","8","32768","individual","strided","2",".3"
"709","168",709,"168.3","8","65536","individual","strided","3",".3"
"710","32",710,"32.3","8","262144","shared","contiguous","1",".3"
"711","9",711,"9.3","1","131072","individual","contiguous","1",".3"
"712","97",712,"97.3","1","32768","individual","strided","2",".3"
"713","34",713,"34.3","2","32768","individual","strided","1",".3"
"714","207",714,"207.3","4","262144","individual","contiguous","4",".3"
"715","25",715,"25.3","1","131072","shared","contiguous","1",".3"
"716","151",716,"151.3","4","65536","shared","contiguous","3",".3"
"717","200",717,"200.3","8","65536","individual","contiguous","4",".3"
"718","232",718,"232.3","8","65536","individual","strided","4",".3"
"719","114",719,"114.3","2","32768","shared","strided","2",".3"
"720","30",720,"30.3","2","262144","shared","contiguous","1",".3"
"721","18",721,"18.3","2","32768","shared","contiguous","1",".3"
"722","234",722,"234.3","2","131072","individual","strided","4",".3"
"723","199",723,"199.3","4","65536","individual","contiguous","4",".3"
"724","147",724,"147.3","4","32768","shared","contiguous","3",".3"
"725","155",725,"155.3","4","131072","shared","contiguous","3",".3"
"726","132",726,"132.3","8","32768","individual","contiguous","3",".3"
"727","75",727,"75.3","4","131072","individual","contiguous","2",".3"
"728","210",728,"210.3","2","32768","shared","contiguous","4",".3"
"729","78",729,"78.3","2","262144","individual","contiguous","2",".3"
"730","39",730,"39.3","4","65536","individual","strided","1",".3"
"731","117",731,"117.3","1","65536","shared","strided","2",".3"
"732","245",732,"245.3","1","65536","shared","strided","4",".3"
"733","98",733,"98.3","2","32768","individual","strided","2",".3"
"734","96",734,"96.3","8","262144","shared","contiguous","2",".3"
"735","178",735,"178.3","2","32768","shared","strided","3",".3"
"736","54",736,"54.3","2","65536","shared","strided","1",".3"
"737","221",737,"221.3","1","262144","shared","contiguous","4",".3"
"738","171",738,"171.3","4","131072","individual","strided","3",".3"
"739","87",739,"87.3","4","65536","shared","contiguous","2",".3"
"740","137",740,"137.3","1","131072","individual","contiguous","3",".3"
"741","228",741,"228.3","8","32768","individual","strided","4",".3"
"742","113",742,"113.3","1","32768","shared","strided","2",".3"
"743","188",743,"188.3","8","131072","shared","strided","3",".3"
"744","108",744,"108.3","8","131072","individual","strided","2",".3"
"745","11",745,"11.3","4","131072","individual","contiguous","1",".3"
"746","73",746,"73.3","1","131072","individual","contiguous","2",".3"
"747","150",747,"150.3","2","65536","shared","contiguous","3",".3"
"748","166",748,"166.3","2","65536","individual","strided","3",".3"
"749","124",749,"124.3","8","131072","shared","strided","2",".3"
"750","20",750,"20.3","8","32768","shared","contiguous","1",".3"
"751","105",751,"105.3","1","131072","individual","strided","2",".3"
"752","52",752,"52.3","8","32768","shared","strided","1",".3"
"753","37",753,"37.3","1","65536","individual","strided","1",".3"
"754","6",754,"6.3","2","65536","individual","contiguous","1",".3"
"755","248",755,"248.3","8","65536","shared","strided","4",".3"
"756","88",756,"88.3","8","65536","shared","contiguous","2",".3"
"757","179",757,"179.3","4","32768","shared","strided","3",".3"
"758","17",758,"17.3","1","32768","shared","contiguous","1",".3"
"759","74",759,"74.3","2","131072","individual","contiguous","2",".3"
"760","134",760,"134.3","2","65536","individual","contiguous","3",".3"
"761","239",761,"239.3","4","262144","individual","strided","4",".3"
"762","106",762,"106.3","2","131072","individual","strided","2",".3"
"763","216",763,"216.3","8","65536","shared","contiguous","4",".3"
"764","223",764,"223.3","4","262144","shared","contiguous","4",".3"
"765","81",765,"81.3","1","32768","shared","contiguous","2",".3"
"766","201",766,"201.3","1","131072","individual","contiguous","4",".3"
"767","95",767,"95.3","4","262144","shared","contiguous","2",".3"
"768","118",768,"118.3","2","65536","shared","strided","2",".3"
"769","57",769,"57.4","1","131072","shared","strided","1",".4"
"770","34",770,"34.4","2","32768","individual","strided","1",".4"
"771","114",771,"114.4","2","32768","shared","strided","2",".4"
"772","82",772,"82.4","2","32768","shared","contiguous","2",".4"
"773","79",773,"79.4","4","262144","individual","contiguous","2",".4"
"774","156",774,"156.4","8","131072","shared","contiguous","3",".4"
"775","218",775,"218.4","2","131072","shared","contiguous","4",".4"
"776","214",776,"214.4","2","65536","shared","contiguous","4",".4"
"777","247",777,"247.4","4","65536","shared","strided","4",".4"
"778","244",778,"244.4","8","32768","shared","strided","4",".4"
"779","54",779,"54.4","2","65536","shared","strided","1",".4"
"780","226",780,"226.4","2","32768","individual","strided","4",".4"
"781","11",781,"11.4","4","131072","individual","contiguous","1",".4"
"782","4",782,"4.4","8","32768","individual","contiguous","1",".4"
"783","70",783,"70.4","2","65536","individual","contiguous","2",".4"
"784","182",784,"182.4","2","65536","shared","strided","3",".4"
"785","32",785,"32.4","8","262144","shared","contiguous","1",".4"
"786","36",786,"36.4","8","32768","individual","strided","1",".4"
"787","203",787,"203.4","4","131072","individual","contiguous","4",".4"
"788","117",788,"117.4","1","65536","shared","strided","2",".4"
"789","64",789,"64.4","8","262144","shared","strided","1",".4"
"790","63",790,"63.4","4","262144","shared","strided","1",".4"
"791","184",791,"184.4","8","65536","shared","strided","3",".4"
"792","229",792,"229.4","1","65536","individual","strided","4",".4"
"793","193",793,"193.4","1","32768","individual","contiguous","4",".4"
"794","6",794,"6.4","2","65536","individual","contiguous","1",".4"
"795","231",795,"231.4","4","65536","individual","strided","4",".4"
"796","175",796,"175.4","4","262144","individual","strided","3",".4"
"797","75",797,"75.4","4","131072","individual","contiguous","2",".4"
"798","62",798,"62.4","2","262144","shared","strided","1",".4"
"799","227",799,"227.4","4","32768","individual","strided","4",".4"
"800","93",800,"93.4","1","262144","shared","contiguous","2",".4"
"801","241",801,"241.4","1","32768","shared","strided","4",".4"
"802","81",802,"81.4","1","32768","shared","contiguous","2",".4"
"803","236",803,"236.4","8","131072","individual","strided","4",".4"
"804","252",804,"252.4","8","131072","shared","strided","4",".4"
"805","99",805,"99.4","4","32768","individual","strided","2",".4"
"806","30",806,"30.4","2","262144","shared","contiguous","1",".4"
"807","197",807,"197.4","1","65536","individual","contiguous","4",".4"
"808","150",808,"150.4","2","65536","shared","contiguous","3",".4"
"809","195",809,"195.4","4","32768","individual","contiguous","4",".4"
"810","157",810,"157.4","1","262144","shared","contiguous","3",".4"
"811","13",811,"13.4","1","262144","individual","contiguous","1",".4"
"812","158",812,"158.4","2","262144","shared","contiguous","3",".4"
"813","208",813,"208.4","8","262144","individual","contiguous","4",".4"
"814","109",814,"109.4","1","262144","individual","strided","2",".4"
"815","204",815,"204.4","8","131072","individual","contiguous","4",".4"
"816","17",816,"17.4","1","32768","shared","contiguous","1",".4"
"817","132",817,"132.4","8","32768","individual","contiguous","3",".4"
"818","108",818,"108.4","8","131072","individual","strided","2",".4"
"819","187",819,"187.4","4","131072","shared","strided","3",".4"
"820","217",820,"217.4","1","131072","shared","contiguous","4",".4"
"821","153",821,"153.4","1","131072","shared","contiguous","3",".4"
"822","18",822,"18.4","2","32768","shared","contiguous","1",".4"
"823","46",823,"46.4","2","262144","individual","strided","1",".4"
"824","140",824,"140.4","8","131072","individual","contiguous","3",".4"
"825","146",825,"146.4","2","32768","shared","contiguous","3",".4"
"826","40",826,"40.4","8","65536","individual","strided","1",".4"
"827","90",827,"90.4","2","131072","shared","contiguous","2",".4"
"828","172",828,"172.4","8","131072","individual","strided","3",".4"
"829","145",829,"145.4","1","32768","shared","contiguous","3",".4"
"830","121",830,"121.4","1","131072","shared","strided","2",".4"
"831","77",831,"77.4","1","262144","individual","contiguous","2",".4"
"832","133",832,"133.4","1","65536","individual","contiguous","3",".4"
"833","55",833,"55.4","4","65536","shared","strided","1",".4"
"834","43",834,"43.4","4","131072","individual","strided","1",".4"
"835","255",835,"255.4","4","262144","shared","strided","4",".4"
"836","154",836,"154.4","2","131072","shared","contiguous","3",".4"
"837","84",837,"84.4","8","32768","shared","contiguous","2",".4"
"838","251",838,"251.4","4","131072","shared","strided","4",".4"
"839","105",839,"105.4","1","131072","individual","strided","2",".4"
"840","166",840,"166.4","2","65536","individual","strided","3",".4"
"841","220",841,"220.4","8","131072","shared","contiguous","4",".4"
"842","71",842,"71.4","4","65536","individual","contiguous","2",".4"
"843","162",843,"162.4","2","32768","individual","strided","3",".4"
"844","94",844,"94.4","2","262144","shared","contiguous","2",".4"
"845","112",845,"112.4","8","262144","individual","strided","2",".4"
"846","85",846,"85.4","1","65536","shared","contiguous","2",".4"
"847","256",847,"256.4","8","262144","shared","strided","4",".4"
"848","129",848,"129.4","1","32768","individual","contiguous","3",".4"
"849","144",849,"144.4","8","262144","individual","contiguous","3",".4"
"850","168",850,"168.4","8","65536","individual","strided","3",".4"
"851","35",851,"35.4","4","32768","individual","strided","1",".4"
"852","159",852,"159.4","4","262144","shared","contiguous","3",".4"
"853","76",853,"76.4","8","131072","individual","contiguous","2",".4"
"854","163",854,"163.4","4","32768","individual","strided","3",".4"
"855","5",855,"5.4","1","65536","individual","contiguous","1",".4"
"856","139",856,"139.4","4","131072","individual","contiguous","3",".4"
"857","207",857,"207.4","4","262144","individual","contiguous","4",".4"
"858","212",858,"212.4","8","32768","shared","contiguous","4",".4"
"859","53",859,"53.4","1","65536","shared","strided","1",".4"
"860","86",860,"86.4","2","65536","shared","contiguous","2",".4"
"861","16",861,"16.4","8","262144","individual","contiguous","1",".4"
"862","10",862,"10.4","2","131072","individual","contiguous","1",".4"
"863","7",863,"7.4","4","65536","individual","contiguous","1",".4"
"864","235",864,"235.4","4","131072","individual","strided","4",".4"
"865","68",865,"68.4","8","32768","individual","contiguous","2",".4"
"866","115",866,"115.4","4","32768","shared","strided","2",".4"
"867","65",867,"65.4","1","32768","individual","contiguous","2",".4"
"868","234",868,"234.4","2","131072","individual","strided","4",".4"
"869","240",869,"240.4","8","262144","individual","strided","4",".4"
"870","26",870,"26.4","2","131072","shared","contiguous","1",".4"
"871","232",871,"232.4","8","65536","individual","strided","4",".4"
"872","58",872,"58.4","2","131072","shared","strided","1",".4"
"873","196",873,"196.4","8","32768","individual","contiguous","4",".4"
"874","78",874,"78.4","2","262144","individual","contiguous","2",".4"
"875","173",875,"173.4","1","262144","individual","strided","3",".4"
"876","91",876,"91.4","4","131072","shared","contiguous","2",".4"
"877","116",877,"116.4","8","32768","shared","strided","2",".4"
"878","181",878,"181.4","1","65536","shared","strided","3",".4"
"879","205",879,"205.4","1","262144","individual","contiguous","4",".4"
"880","155",880,"155.4","4","131072","shared","contiguous","3",".4"
"881","149",881,"149.4","1","65536","shared","contiguous","3",".4"
"882","138",882,"138.4","2","131072","individual","contiguous","3",".4"
"883","199",883,"199.4","4","65536","individual","contiguous","4",".4"
"884","110",884,"110.4","2","262144","individual","strided","2",".4"
"885","104",885,"104.4","8","65536","individual","strided","2",".4"
"886","189",886,"189.4","1","262144","shared","strided","3",".4"
"887","92",887,"92.4","8","131072","shared","contiguous","2",".4"
"888","3",888,"3.4","4","32768","individual","contiguous","1",".4"
"889","178",889,"178.4","2","32768","shared","strided","3",".4"
"890","152",890,"152.4","8","65536","shared","contiguous","3",".4"
"891","179",891,"179.4","4","32768","shared","strided","3",".4"
"892","101",892,"101.4","1","65536","individual","strided","2",".4"
"893","38",893,"38.4","2","65536","individual","strided","1",".4"
"894","22",894,"22.4","2","65536","shared","contiguous","1",".4"
"895","21",895,"21.4","1","65536","shared","contiguous","1",".4"
"896","9",896,"9.4","1","131072","individual","contiguous","1",".4"
"897","8",897,"8.4","8","65536","individual","contiguous","1",".4"
"898","80",898,"80.4","8","262144","individual","contiguous","2",".4"
"899","59",899,"59.4","4","131072","shared","strided","1",".4"
"900","170",900,"170.4","2","131072","individual","strided","3",".4"
"901","33",901,"33.4","1","32768","individual","strided","1",".4"
"902","200",902,"200.4","8","65536","individual","contiguous","4",".4"
"903","215",903,"215.4","4","65536","shared","contiguous","4",".4"
"904","47",904,"47.4","4","262144","individual","strided","1",".4"
"905","225",905,"225.4","1","32768","individual","strided","4",".4"
"906","136",906,"136.4","8","65536","individual","contiguous","3",".4"
"907","183",907,"183.4","4","65536","shared","strided","3",".4"
"908","88",908,"88.4","8","65536","shared","contiguous","2",".4"
"909","120",909,"120.4","8","65536","shared","strided","2",".4"
"910","188",910,"188.4","8","131072","shared","strided","3",".4"
"911","167",911,"167.4","4","65536","individual","strided","3",".4"
"912","190",912,"190.4","2","262144","shared","strided","3",".4"
"913","177",913,"177.4","1","32768","shared","strided","3",".4"
"914","134",914,"134.4","2","65536","individual","contiguous","3",".4"
"915","192",915,"192.4","8","262144","shared","strided","3",".4"
"916","83",916,"83.4","4","32768","shared","contiguous","2",".4"
"917","73",917,"73.4","1","131072","individual","contiguous","2",".4"
"918","111",918,"111.4","4","262144","individual","strided","2",".4"
"919","44",919,"44.4","8","131072","individual","strided","1",".4"
"920","239",920,"239.4","4","262144","individual","strided","4",".4"
"921","127",921,"127.4","4","262144","shared","strided","2",".4"
"922","135",922,"135.4","4","65536","individual","contiguous","3",".4"
"923","125",923,"125.4","1","262144","shared","strided","2",".4"
"924","206",924,"206.4","2","262144","individual","contiguous","4",".4"
"925","66",925,"66.4","2","32768","individual","contiguous","2",".4"
"926","137",926,"137.4","1","131072","individual","contiguous","3",".4"
"927","211",927,"211.4","4","32768","shared","contiguous","4",".4"
"928","113",928,"113.4","1","32768","shared","strided","2",".4"
"929","29",929,"29.4","1","262144","shared","contiguous","1",".4"
"930","69",930,"69.4","1","65536","individual","contiguous","2",".4"
"931","201",931,"201.4","1","131072","individual","contiguous","4",".4"
"932","254",932,"254.4","2","262144","shared","strided","4",".4"
"933","180",933,"180.4","8","32768","shared","strided","3",".4"
"934","237",934,"237.4","1","262144","individual","strided","4",".4"
"935","42",935,"42.4","2","131072","individual","strided","1",".4"
"936","242",936,"242.4","2","32768","shared","strided","4",".4"
"937","171",937,"171.4","4","131072","individual","strided","3",".4"
"938","250",938,"250.4","2","131072","shared","strided","4",".4"
"939","161",939,"161.4","1","32768","individual","strided","3",".4"
"940","169",940,"169.4","1","131072","individual","strided","3",".4"
"941","12",941,"12.4","8","131072","individual","contiguous","1",".4"
"942","165",942,"165.4","1","65536","individual","strided","3",".4"
"943","216",943,"216.4","8","65536","shared","contiguous","4",".4"
"944","224",944,"224.4","8","262144","shared","contiguous","4",".4"
"945","143",945,"143.4","4","262144","individual","contiguous","3",".4"
"946","122",946,"122.4","2","131072","shared","strided","2",".4"
"947","209",947,"209.4","1","32768","shared","contiguous","4",".4"
"948","142",948,"142.4","2","262144","individual","contiguous","3",".4"
"949","20",949,"20.4","8","32768","shared","contiguous","1",".4"
"950","24",950,"24.4","8","65536","shared","contiguous","1",".4"
"951","148",951,"148.4","8","32768","shared","contiguous","3",".4"
"952","89",952,"89.4","1","131072","shared","contiguous","2",".4"
"953","141",953,"141.4","1","262144","individual","contiguous","3",".4"
"954","60",954,"60.4","8","131072","shared","strided","1",".4"
"955","223",955,"223.4","4","262144","shared","contiguous","4",".4"
"956","230",956,"230.4","2","65536","individual","strided","4",".4"
"957","219",957,"219.4","4","131072","shared","contiguous","4",".4"
"958","19",958,"19.4","4","32768","shared","contiguous","1",".4"
"959","103",959,"103.4","4","65536","individual","strided","2",".4"
"960","198",960,"198.4","2","65536","individual","contiguous","4",".4"
"961","96",961,"96.4","8","262144","shared","contiguous","2",".4"
"962","245",962,"245.4","1","65536","shared","strided","4",".4"
"963","130",963,"130.4","2","32768","individual","contiguous","3",".4"
"964","202",964,"202.4","2","131072","individual","contiguous","4",".4"
"965","74",965,"74.4","2","131072","individual","contiguous","2",".4"
"966","106",966,"106.4","2","131072","individual","strided","2",".4"
"967","37",967,"37.4","1","65536","individual","strided","1",".4"
"968","27",968,"27.4","4","131072","shared","contiguous","1",".4"
"969","102",969,"102.4","2","65536","individual","strided","2",".4"
"970","119",970,"119.4","4","65536","shared","strided","2",".4"
"971","222",971,"222.4","2","262144","shared","contiguous","4",".4"
"972","191",972,"191.4","4","262144","shared","strided","3",".4"
"973","185",973,"185.4","1","131072","shared","strided","3",".4"
"974","67",974,"67.4","4","32768","individual","contiguous","2",".4"
"975","124",975,"124.4","8","131072","shared","strided","2",".4"
"976","194",976,"194.4","2","32768","individual","contiguous","4",".4"
"977","61",977,"61.4","1","262144","shared","strided","1",".4"
"978","248",978,"248.4","8","65536","shared","strided","4",".4"
"979","233",979,"233.4","1","131072","individual","strided","4",".4"
"980","95",980,"95.4","4","262144","shared","contiguous","2",".4"
"981","31",981,"31.4","4","262144","shared","contiguous","1",".4"
"982","118",982,"118.4","2","65536","shared","strided","2",".4"
"983","45",983,"45.4","1","262144","individual","strided","1",".4"
"984","128",984,"128.4","8","262144","shared","strided","2",".4"
"985","210",985,"210.4","2","32768","shared","contiguous","4",".4"
"986","186",986,"186.4","2","131072","shared","strided","3",".4"
"987","246",987,"246.4","2","65536","shared","strided","4",".4"
"988","39",988,"39.4","4","65536","individual","strided","1",".4"
"989","2",989,"2.4","2","32768","individual","contiguous","1",".4"
"990","174",990,"174.4","2","262144","individual","strided","3",".4"
"991","164",991,"164.4","8","32768","individual","strided","3",".4"
"992","51",992,"51.4","4","32768","shared","strided","1",".4"
"993","160",993,"160.4","8","262144","shared","contiguous","3",".4"
"994","56",994,"56.4","8","65536","shared","strided","1",".4"
"995","87",995,"87.4","4","65536","shared","contiguous","2",".4"
"996","131",996,"131.4","4","32768","individual","contiguous","3",".4"
"997","249",997,"249.4","1","131072","shared","strided","4",".4"
"998","97",998,"97.4","1","32768","individual","strided","2",".4"
"999","151",999,"151.4","4","65536","shared","contiguous","3",".4"
"1000","100",1000,"100.4","8","32768","individual","strided","2",".4"
"1001","23",1001,"23.4","4","65536","shared","contiguous","1",".4"
"1002","228",1002,"228.4","8","32768","individual","strided","4",".4"
"1003","14",1003,"14.4","2","262144","individual","contiguous","1",".4"
"1004","107",1004,"107.4","4","131072","individual","strided","2",".4"
"1005","176",1005,"176.4","8","262144","individual","strided","3",".4"
"1006","238",1006,"238.4","2","262144","individual","strided","4",".4"
"1007","48",1007,"48.4","8","262144","individual","strided","1",".4"
"1008","15",1008,"15.4","4","262144","individual","contiguous","1",".4"
"1009","25",1009,"25.4","1","131072","shared","contiguous","1",".4"
"1010","1",1010,"1.4","1","32768","individual","contiguous","1",".4"
"1011","49",1011,"49.4","1","32768","shared","strided","1",".4"
"1012","98",1012,"98.4","2","32768","individual","strided","2",".4"
"1013","52",1013,"52.4","8","32768","shared","strided","1",".4"
"1014","221",1014,"221.4","1","262144","shared","contiguous","4",".4"
"1015","243",1015,"243.4","4","32768","shared","strided","4",".4"
"1016","147",1016,"147.4","4","32768","shared","contiguous","3",".4"
"1017","41",1017,"41.4","1","131072","individual","strided","1",".4"
"1018","213",1018,"213.4","1","65536","shared","contiguous","4",".4"
"1019","72",1019,"72.4","8","65536","individual","contiguous","2",".4"
"1020","126",1020,"126.4","2","262144","shared","strided","2",".4"
"1021","50",1021,"50.4","2","32768","shared","strided","1",".4"
"1022","123",1022,"123.4","4","131072","shared","strided","2",".4"
"1023","28",1023,"28.4","8","131072","shared","contiguous","1",".4"
"1024","253",1024,"253.4","1","262144","shared","strided","4",".4"
"1025","21",1025,"21.5","1","65536","shared","contiguous","1",".5"
"1026","50",1026,"50.5","2","32768","shared","strided","1",".5"
"1027","169",1027,"169.5","1","131072","individual","strided","3",".5"
"1028","92",1028,"92.5","8","131072","shared","contiguous","2",".5"
"1029","131",1029,"131.5","4","32768","individual","contiguous","3",".5"
"1030","214",1030,"214.5","2","65536","shared","contiguous","4",".5"
"1031","67",1031,"67.5","4","32768","individual","contiguous","2",".5"
"1032","229",1032,"229.5","1","65536","individual","strided","4",".5"
"1033","135",1033,"135.5","4","65536","individual","contiguous","3",".5"
"1034","225",1034,"225.5","1","32768","individual","strided","4",".5"
"1035","105",1035,"105.5","1","131072","individual","strided","2",".5"
"1036","185",1036,"185.5","1","131072","shared","strided","3",".5"
"1037","198",1037,"198.5","2","65536","individual","contiguous","4",".5"
"1038","210",1038,"210.5","2","32768","shared","contiguous","4",".5"
"1039","93",1039,"93.5","1","262144","shared","contiguous","2",".5"
"1040","57",1040,"57.5","1","131072","shared","strided","1",".5"
"1041","90",1041,"90.5","2","131072","shared","contiguous","2",".5"
"1042","42",1042,"42.5","2","131072","individual","strided","1",".5"
"1043","37",1043,"37.5","1","65536","individual","strided","1",".5"
"1044","239",1044,"239.5","4","262144","individual","strided","4",".5"
"1045","211",1045,"211.5","4","32768","shared","contiguous","4",".5"
"1046","224",1046,"224.5","8","262144","shared","contiguous","4",".5"
"1047","250",1047,"250.5","2","131072","shared","strided","4",".5"
"1048","234",1048,"234.5","2","131072","individual","strided","4",".5"
"1049","116",1049,"116.5","8","32768","shared","strided","2",".5"
"1050","124",1050,"124.5","8","131072","shared","strided","2",".5"
"1051","72",1051,"72.5","8","65536","individual","contiguous","2",".5"
"1052","38",1052,"38.5","2","65536","individual","strided","1",".5"
"1053","118",1053,"118.5","2","65536","shared","strided","2",".5"
"1054","166",1054,"166.5","2","65536","individual","strided","3",".5"
"1055","24",1055,"24.5","8","65536","shared","contiguous","1",".5"
"1056","153",1056,"153.5","1","131072","shared","contiguous","3",".5"
"1057","245",1057,"245.5","1","65536","shared","strided","4",".5"
"1058","163",1058,"163.5","4","32768","individual","strided","3",".5"
"1059","103",1059,"103.5","4","65536","individual","strided","2",".5"
"1060","104",1060,"104.5","8","65536","individual","strided","2",".5"
"1061","154",1061,"154.5","2","131072","shared","contiguous","3",".5"
"1062","132",1062,"132.5","8","32768","individual","contiguous","3",".5"
"1063","4",1063,"4.5","8","32768","individual","contiguous","1",".5"
"1064","230",1064,"230.5","2","65536","individual","strided","4",".5"
"1065","9",1065,"9.5","1","131072","individual","contiguous","1",".5"
"1066","82",1066,"82.5","2","32768","shared","contiguous","2",".5"
"1067","150",1067,"150.5","2","65536","shared","contiguous","3",".5"
"1068","12",1068,"12.5","8","131072","individual","contiguous","1",".5"
"1069","117",1069,"117.5","1","65536","shared","strided","2",".5"
"1070","146",1070,"146.5","2","32768","shared","contiguous","3",".5"
"1071","10",1071,"10.5","2","131072","individual","contiguous","1",".5"
"1072","155",1072,"155.5","4","131072","shared","contiguous","3",".5"
"1073","97",1073,"97.5","1","32768","individual","strided","2",".5"
"1074","87",1074,"87.5","4","65536","shared","contiguous","2",".5"
"1075","228",1075,"228.5","8","32768","individual","strided","4",".5"
"1076","39",1076,"39.5","4","65536","individual","strided","1",".5"
"1077","148",1077,"148.5","8","32768","shared","contiguous","3",".5"
"1078","66",1078,"66.5","2","32768","individual","contiguous","2",".5"
"1079","29",1079,"29.5","1","262144","shared","contiguous","1",".5"
"1080","85",1080,"85.5","1","65536","shared","contiguous","2",".5"
"1081","18",1081,"18.5","2","32768","shared","contiguous","1",".5"
"1082","32",1082,"32.5","8","262144","shared","contiguous","1",".5"
"1083","157",1083,"157.5","1","262144","shared","contiguous","3",".5"
"1084","99",1084,"99.5","4","32768","individual","strided","2",".5"
"1085","195",1085,"195.5","4","32768","individual","contiguous","4",".5"
"1086","51",1086,"51.5","4","32768","shared","strided","1",".5"
"1087","109",1087,"109.5","1","262144","individual","strided","2",".5"
"1088","165",1088,"165.5","1","65536","individual","strided","3",".5"
"1089","246",1089,"246.5","2","65536","shared","strided","4",".5"
"1090","171",1090,"171.5","4","131072","individual","strided","3",".5"
"1091","95",1091,"95.5","4","262144","shared","contiguous","2",".5"
"1092","189",1092,"189.5","1","262144","shared","strided","3",".5"
"1093","1",1093,"1.5","1","32768","individual","contiguous","1",".5"
"1094","147",1094,"147.5","4","32768","shared","contiguous","3",".5"
"1095","204",1095,"204.5","8","131072","individual","contiguous","4",".5"
"1096","187",1096,"187.5","4","131072","shared","strided","3",".5"
"1097","79",1097,"79.5","4","262144","individual","contiguous","2",".5"
"1098","255",1098,"255.5","4","262144","shared","strided","4",".5"
"1099","213",1099,"213.5","1","65536","shared","contiguous","4",".5"
"1100","102",1100,"102.5","2","65536","individual","strided","2",".5"
"1101","236",1101,"236.5","8","131072","individual","strided","4",".5"
"1102","111",1102,"111.5","4","262144","individual","strided","2",".5"
"1103","40",1103,"40.5","8","65536","individual","strided","1",".5"
"1104","186",1104,"186.5","2","131072","shared","strided","3",".5"
"1105","62",1105,"62.5","2","262144","shared","strided","1",".5"
"1106","235",1106,"235.5","4","131072","individual","strided","4",".5"
"1107","101",1107,"101.5","1","65536","individual","strided","2",".5"
"1108","88",1108,"88.5","8","65536","shared","contiguous","2",".5"
"1109","244",1109,"244.5","8","32768","shared","strided","4",".5"
"1110","209",1110,"209.5","1","32768","shared","contiguous","4",".5"
"1111","194",1111,"194.5","2","32768","individual","contiguous","4",".5"
"1112","48",1112,"48.5","8","262144","individual","strided","1",".5"
"1113","233",1113,"233.5","1","131072","individual","strided","4",".5"
"1114","137",1114,"137.5","1","131072","individual","contiguous","3",".5"
"1115","253",1115,"253.5","1","262144","shared","strided","4",".5"
"1116","202",1116,"202.5","2","131072","individual","contiguous","4",".5"
"1117","152",1117,"152.5","8","65536","shared","contiguous","3",".5"
"1118","108",1118,"108.5","8","131072","individual","strided","2",".5"
"1119","35",1119,"35.5","4","32768","individual","strided","1",".5"
"1120","25",1120,"25.5","1","131072","shared","contiguous","1",".5"
"1121","68",1121,"68.5","8","32768","individual","contiguous","2",".5"
"1122","98",1122,"98.5","2","32768","individual","strided","2",".5"
"1123","240",1123,"240.5","8","262144","individual","strided","4",".5"
"1124","123",1124,"123.5","4","131072","shared","strided","2",".5"
"1125","170",1125,"170.5","2","131072","individual","strided","3",".5"
"1126","247",1126,"247.5","4","65536","shared","strided","4",".5"
"1127","178",1127,"178.5","2","32768","shared","strided","3",".5"
"1128","241",1128,"241.5","1","32768","shared","strided","4",".5"
"1129","158",1129,"158.5","2","262144","shared","contiguous","3",".5"
"1130","138",1130,"138.5","2","131072","individual","contiguous","3",".5"
"1131","121",1131,"121.5","1","131072","shared","strided","2",".5"
"1132","199",1132,"199.5","4","65536","individual","contiguous","4",".5"
"1133","106",1133,"106.5","2","131072","individual","strided","2",".5"
"1134","193",1134,"193.5","1","32768","individual","contiguous","4",".5"
"1135","56",1135,"56.5","8","65536","shared","strided","1",".5"
"1136","139",1136,"139.5","4","131072","individual","contiguous","3",".5"
"1137","83",1137,"83.5","4","32768","shared","contiguous","2",".5"
"1138","41",1138,"41.5","1","131072","individual","strided","1",".5"
"1139","33",1139,"33.5","1","32768","individual","strided","1",".5"
"1140","20",1140,"20.5","8","32768","shared","contiguous","1",".5"
"1141","119",1141,"119.5","4","65536","shared","strided","2",".5"
"1142","177",1142,"177.5","1","32768","shared","strided","3",".5"
"1143","182",1143,"182.5","2","65536","shared","strided","3",".5"
"1144","173",1144,"173.5","1","262144","individual","strided","3",".5"
"1145","36",1145,"36.5","8","32768","individual","strided","1",".5"
"1146","206",1146,"206.5","2","262144","individual","contiguous","4",".5"
"1147","181",1147,"181.5","1","65536","shared","strided","3",".5"
"1148","168",1148,"168.5","8","65536","individual","strided","3",".5"
"1149","6",1149,"6.5","2","65536","individual","contiguous","1",".5"
"1150","180",1150,"180.5","8","32768","shared","strided","3",".5"
"1151","8",1151,"8.5","8","65536","individual","contiguous","1",".5"
"1152","75",1152,"75.5","4","131072","individual","contiguous","2",".5"
"1153","256",1153,"256.5","8","262144","shared","strided","4",".5"
"1154","175",1154,"175.5","4","262144","individual","strided","3",".5"
"1155","94",1155,"94.5","2","262144","shared","contiguous","2",".5"
"1156","218",1156,"218.5","2","131072","shared","contiguous","4",".5"
"1157","145",1157,"145.5","1","32768","shared","contiguous","3",".5"
"1158","69",1158,"69.5","1","65536","individual","contiguous","2",".5"
"1159","45",1159,"45.5","1","262144","individual","strided","1",".5"
"1160","149",1160,"149.5","1","65536","shared","contiguous","3",".5"
"1161","110",1161,"110.5","2","262144","individual","strided","2",".5"
"1162","160",1162,"160.5","8","262144","shared","contiguous","3",".5"
"1163","208",1163,"208.5","8","262144","individual","contiguous","4",".5"
"1164","220",1164,"220.5","8","131072","shared","contiguous","4",".5"
"1165","107",1165,"107.5","4","131072","individual","strided","2",".5"
"1166","200",1166,"200.5","8","65536","individual","contiguous","4",".5"
"1167","54",1167,"54.5","2","65536","shared","strided","1",".5"
"1168","70",1168,"70.5","2","65536","individual","contiguous","2",".5"
"1169","13",1169,"13.5","1","262144","individual","contiguous","1",".5"
"1170","129",1170,"129.5","1","32768","individual","contiguous","3",".5"
"1171","128",1171,"128.5","8","262144","shared","strided","2",".5"
"1172","176",1172,"176.5","8","262144","individual","strided","3",".5"
"1173","248",1173,"248.5","8","65536","shared","strided","4",".5"
"1174","61",1174,"61.5","1","262144","shared","strided","1",".5"
"1175","114",1175,"114.5","2","32768","shared","strided","2",".5"
"1176","161",1176,"161.5","1","32768","individual","strided","3",".5"
"1177","73",1177,"73.5","1","131072","individual","contiguous","2",".5"
"1178","47",1178,"47.5","4","262144","individual","strided","1",".5"
"1179","183",1179,"183.5","4","65536","shared","strided","3",".5"
"1180","77",1180,"77.5","1","262144","individual","contiguous","2",".5"
"1181","231",1181,"231.5","4","65536","individual","strided","4",".5"
"1182","11",1182,"11.5","4","131072","individual","contiguous","1",".5"
"1183","141",1183,"141.5","1","262144","individual","contiguous","3",".5"
"1184","227",1184,"227.5","4","32768","individual","strided","4",".5"
"1185","31",1185,"31.5","4","262144","shared","contiguous","1",".5"
"1186","140",1186,"140.5","8","131072","individual","contiguous","3",".5"
"1187","221",1187,"221.5","1","262144","shared","contiguous","4",".5"
"1188","249",1188,"249.5","1","131072","shared","strided","4",".5"
"1189","156",1189,"156.5","8","131072","shared","contiguous","3",".5"
"1190","91",1190,"91.5","4","131072","shared","contiguous","2",".5"
"1191","52",1191,"52.5","8","32768","shared","strided","1",".5"
"1192","7",1192,"7.5","4","65536","individual","contiguous","1",".5"
"1193","34",1193,"34.5","2","32768","individual","strided","1",".5"
"1194","65",1194,"65.5","1","32768","individual","contiguous","2",".5"
"1195","191",1195,"191.5","4","262144","shared","strided","3",".5"
"1196","3",1196,"3.5","4","32768","individual","contiguous","1",".5"
"1197","133",1197,"133.5","1","65536","individual","contiguous","3",".5"
"1198","122",1198,"122.5","2","131072","shared","strided","2",".5"
"1199","238",1199,"238.5","2","262144","individual","strided","4",".5"
"1200","127",1200,"127.5","4","262144","shared","strided","2",".5"
"1201","49",1201,"49.5","1","32768","shared","strided","1",".5"
"1202","30",1202,"30.5","2","262144","shared","contiguous","1",".5"
"1203","232",1203,"232.5","8","65536","individual","strided","4",".5"
"1204","112",1204,"112.5","8","262144","individual","strided","2",".5"
"1205","252",1205,"252.5","8","131072","shared","strided","4",".5"
"1206","205",1206,"205.5","1","262144","individual","contiguous","4",".5"
"1207","71",1207,"71.5","4","65536","individual","contiguous","2",".5"
"1208","80",1208,"80.5","8","262144","individual","contiguous","2",".5"
"1209","58",1209,"58.5","2","131072","shared","strided","1",".5"
"1210","55",1210,"55.5","4","65536","shared","strided","1",".5"
"1211","63",1211,"63.5","4","262144","shared","strided","1",".5"
"1212","2",1212,"2.5","2","32768","individual","contiguous","1",".5"
"1213","201",1213,"201.5","1","131072","individual","contiguous","4",".5"
"1214","217",1214,"217.5","1","131072","shared","contiguous","4",".5"
"1215","120",1215,"120.5","8","65536","shared","strided","2",".5"
"1216","14",1216,"14.5","2","262144","individual","contiguous","1",".5"
"1217","212",1217,"212.5","8","32768","shared","contiguous","4",".5"
"1218","184",1218,"184.5","8","65536","shared","strided","3",".5"
"1219","134",1219,"134.5","2","65536","individual","contiguous","3",".5"
"1220","113",1220,"113.5","1","32768","shared","strided","2",".5"
"1221","22",1221,"22.5","2","65536","shared","contiguous","1",".5"
"1222","164",1222,"164.5","8","32768","individual","strided","3",".5"
"1223","136",1223,"136.5","8","65536","individual","contiguous","3",".5"
"1224","26",1224,"26.5","2","131072","shared","contiguous","1",".5"
"1225","84",1225,"84.5","8","32768","shared","contiguous","2",".5"
"1226","115",1226,"115.5","4","32768","shared","strided","2",".5"
"1227","60",1227,"60.5","8","131072","shared","strided","1",".5"
"1228","162",1228,"162.5","2","32768","individual","strided","3",".5"
"1229","215",1229,"215.5","4","65536","shared","contiguous","4",".5"
"1230","192",1230,"192.5","8","262144","shared","strided","3",".5"
"1231","126",1231,"126.5","2","262144","shared","strided","2",".5"
"1232","59",1232,"59.5","4","131072","shared","strided","1",".5"
"1233","78",1233,"78.5","2","262144","individual","contiguous","2",".5"
"1234","89",1234,"89.5","1","131072","shared","contiguous","2",".5"
"1235","86",1235,"86.5","2","65536","shared","contiguous","2",".5"
"1236","19",1236,"19.5","4","32768","shared","contiguous","1",".5"
"1237","17",1237,"17.5","1","32768","shared","contiguous","1",".5"
"1238","125",1238,"125.5","1","262144","shared","strided","2",".5"
"1239","43",1239,"43.5","4","131072","individual","strided","1",".5"
"1240","143",1240,"143.5","4","262144","individual","contiguous","3",".5"
"1241","81",1241,"81.5","1","32768","shared","contiguous","2",".5"
"1242","144",1242,"144.5","8","262144","individual","contiguous","3",".5"
"1243","196",1243,"196.5","8","32768","individual","contiguous","4",".5"
"1244","207",1244,"207.5","4","262144","individual","contiguous","4",".5"
"1245","151",1245,"151.5","4","65536","shared","contiguous","3",".5"
"1246","216",1246,"216.5","8","65536","shared","contiguous","4",".5"
"1247","23",1247,"23.5","4","65536","shared","contiguous","1",".5"
"1248","254",1248,"254.5","2","262144","shared","strided","4",".5"
"1249","174",1249,"174.5","2","262144","individual","strided","3",".5"
"1250","223",1250,"223.5","4","262144","shared","contiguous","4",".5"
"1251","167",1251,"167.5","4","65536","individual","strided","3",".5"
"1252","96",1252,"96.5","8","262144","shared","contiguous","2",".5"
"1253","190",1253,"190.5","2","262144","shared","strided","3",".5"
"1254","15",1254,"15.5","4","262144","individual","contiguous","1",".5"
"1255","142",1255,"142.5","2","262144","individual","contiguous","3",".5"
"1256","28",1256,"28.5","8","131072","shared","contiguous","1",".5"
"1257","76",1257,"76.5","8","131072","individual","contiguous","2",".5"
"1258","172",1258,"172.5","8","131072","individual","strided","3",".5"
"1259","188",1259,"188.5","8","131072","shared","strided","3",".5"
"1260","27",1260,"27.5","4","131072","shared","contiguous","1",".5"
"1261","251",1261,"251.5","4","131072","shared","strided","4",".5"
"1262","74",1262,"74.5","2","131072","individual","contiguous","2",".5"
"1263","44",1263,"44.5","8","131072","individual","strided","1",".5"
"1264","242",1264,"242.5","2","32768","shared","strided","4",".5"
"1265","179",1265,"179.5","4","32768","shared","strided","3",".5"
"1266","53",1266,"53.5","1","65536","shared","strided","1",".5"
"1267","46",1267,"46.5","2","262144","individual","strided","1",".5"
"1268","222",1268,"222.5","2","262144","shared","contiguous","4",".5"
"1269","197",1269,"197.5","1","65536","individual","contiguous","4",".5"
"1270","130",1270,"130.5","2","32768","individual","contiguous","3",".5"
"1271","5",1271,"5.5","1","65536","individual","contiguous","1",".5"
"1272","237",1272,"237.5","1","262144","individual","strided","4",".5"
"1273","64",1273,"64.5","8","262144","shared","strided","1",".5"
"1274","203",1274,"203.5","4","131072","individual","contiguous","4",".5"
"1275","159",1275,"159.5","4","262144","shared","contiguous","3",".5"
"1276","16",1276,"16.5","8","262144","individual","contiguous","1",".5"
"1277","226",1277,"226.5","2","32768","individual","strided","4",".5"
"1278","243",1278,"243.5","4","32768","shared","strided","4",".5"
"1279","100",1279,"100.5","8","32768","individual","strided","2",".5"
"1280","219",1280,"219.5","4","131072","shared","contiguous","4",".5"
